block_id,start,noise,steps,p1,p2,p3,p4,p5,p6,depth,Q,action,Q_var,Q_abs,Q_abs_max,Q_diff,a_optim
1,3,0,2,20.0,20.0,20.0,-10.0,-20.0,-10.0,1,-12.000000476837158,0,65.0891555293408,12.000000476837158,25.999999046325684,-11.999998092651367,0
1,3,0,2,20.0,20.0,20.0,-10.0,-20.0,-10.0,1,-23.999998569488525,1,65.0891555293408,23.999998569488525,25.999999046325684,-11.999998092651367,0
1,3,0,2,20.0,20.0,20.0,-10.0,-20.0,-10.0,2,-25.999999046325684,0,65.0891555293408,25.999999046325684,25.999999046325684,15.69999933242798,1
1,3,0,2,20.0,20.0,20.0,-10.0,-20.0,-10.0,2,-10.299999713897703,1,65.0891555293408,10.299999713897703,25.999999046325684,15.69999933242798,1
2,6,0,2,-10.0,-20.0,20.0,20.0,0.0,20.0,1,-12.000000476837158,0,49.475620784759634,12.000000476837158,22.5,-10.499999523162842,0
2,6,0,2,-10.0,-20.0,20.0,20.0,0.0,20.0,1,-22.5,1,49.475620784759634,22.5,22.5,-10.499999523162842,0
2,6,0,2,-10.0,-20.0,20.0,20.0,0.0,20.0,2,-15.0,0,49.475620784759634,15.0,22.5,9.449999332427979,1
2,6,0,2,-10.0,-20.0,20.0,20.0,0.0,20.0,2,-5.5500006675720215,1,49.475620784759634,5.5500006675720215,22.5,9.449999332427979,1
3,5,0,2,20.0,10.0,-20.0,-20.0,20.0,-20.0,1,-22.00000047683716,0,131.78916202227336,22.00000047683716,22.00000047683716,26.000000238418583,1
3,5,0,2,20.0,10.0,-20.0,-20.0,20.0,-20.0,1,3.999999761581421,1,131.78916202227336,3.999999761581421,22.00000047683716,26.000000238418583,1
3,5,0,2,20.0,10.0,-20.0,-20.0,20.0,-20.0,2,-4.000000953674316,0,131.78916202227336,4.000000953674316,22.00000047683716,-10.699998140335083,0
3,5,0,2,20.0,10.0,-20.0,-20.0,20.0,-20.0,2,-14.6999990940094,1,131.78916202227336,14.6999990940094,22.00000047683716,-10.699998140335083,0
4,5,0,2,20.0,20.0,-10.0,0.0,-20.0,10.0,1,8.00000011920929,0,70.35062054137417,8.00000011920929,25.999999046325684,5.499998927116394,1
4,5,0,2,20.0,20.0,-10.0,0.0,-20.0,10.0,1,13.499999046325684,1,70.35062054137417,13.499999046325684,25.999999046325684,5.499998927116394,1
4,5,0,2,20.0,20.0,-10.0,0.0,-20.0,10.0,2,25.999999046325684,0,70.35062054137417,25.999999046325684,25.999999046325684,-17.549999952316284,0
4,5,0,2,20.0,20.0,-10.0,0.0,-20.0,10.0,2,8.4499990940094,1,70.35062054137417,8.4499990940094,25.999999046325684,-17.549999952316284,0
5,1,0,2,20.0,20.0,0.0,-20.0,10.0,-10.0,1,17.999999523162842,0,51.86916482011492,17.999999523162842,17.999999523162842,-15.50000011920929,0
5,1,0,2,20.0,20.0,0.0,-20.0,10.0,-10.0,1,2.499999403953552,1,51.86916482011492,2.499999403953552,17.999999523162842,-15.50000011920929,0
5,1,0,2,20.0,20.0,0.0,-20.0,10.0,-10.0,2,15.999999046325684,0,51.86916482011492,15.999999046325684,17.999999523162842,0.39999961853027344,1
5,1,0,2,20.0,20.0,0.0,-20.0,10.0,-10.0,2,16.399998664855957,1,51.86916482011492,16.399998664855957,17.999999523162842,0.39999961853027344,1
6,4,0,2,20.0,0.0,20.0,10.0,0.0,0.0,1,-2.0000000298023224,0,59.66666069626825,2.0000000298023224,11.999999284744264,-1.9999997317790985,0
6,4,0,2,20.0,0.0,20.0,10.0,0.0,0.0,1,-3.999999761581421,1,59.66666069626825,3.999999761581421,11.999999284744264,-1.9999997317790985,0
6,4,0,2,20.0,0.0,20.0,10.0,0.0,0.0,2,-4.000000059604645,0,59.66666069626825,4.000000059604645,11.999999284744264,15.99999934434891,1
6,4,0,2,20.0,0.0,20.0,10.0,0.0,0.0,2,11.999999284744264,1,59.66666069626825,11.999999284744264,11.999999284744264,15.99999934434891,1
7,4,0,2,-20.0,-20.0,20.0,10.0,-10.0,0.0,1,-12.000000476837158,0,76.00350390662818,12.000000476837158,27.075002193450928,5.5000001192092896,1
7,4,0,2,-20.0,-20.0,20.0,10.0,-10.0,0.0,1,-6.500000357627869,1,76.00350390662818,6.500000357627869,27.075002193450928,5.5000001192092896,1
7,4,0,2,-20.0,-20.0,20.0,10.0,-10.0,0.0,2,-14.000000953674316,0,76.00350390662818,14.000000953674316,27.075002193450928,-13.075001239776611,0
7,4,0,2,-20.0,-20.0,20.0,10.0,-10.0,0.0,2,-27.075002193450928,1,76.00350390662818,27.075002193450928,27.075002193450928,-13.075001239776611,0
8,6,0,2,10.0,20.0,0.0,-10.0,0.0,-20.0,1,8.00000011920929,0,59.88765026539591,8.00000011920929,25.999999046325684,5.499998927116394,1
8,6,0,2,10.0,20.0,0.0,-10.0,0.0,-20.0,1,13.499999046325684,1,59.88765026539591,13.499999046325684,25.999999046325684,5.499998927116394,1
8,6,0,2,10.0,20.0,0.0,-10.0,0.0,-20.0,2,25.999999046325684,0,59.88765026539591,25.999999046325684,25.999999046325684,-13.724999427795412,0
8,6,0,2,10.0,20.0,0.0,-10.0,0.0,-20.0,2,12.274999618530272,1,59.88765026539591,12.274999618530272,25.999999046325684,-13.724999427795412,0
9,5,0,2,20.0,10.0,-10.0,-10.0,20.0,-10.0,1,-12.000000476837158,0,71.7899977183344,12.000000476837158,12.000000476837158,16.50000035762787,1
9,5,0,2,20.0,10.0,-10.0,-10.0,20.0,-10.0,1,4.4999998807907104,1,71.7899977183344,4.4999998807907104,12.000000476837158,16.50000035762787,1
9,5,0,2,20.0,10.0,-10.0,-10.0,20.0,-10.0,2,5.999999046325684,0,71.7899977183344,5.999999046325684,12.000000476837158,-11.099998950958252,0
9,5,0,2,20.0,10.0,-10.0,-10.0,20.0,-10.0,2,-5.099999904632568,1,71.7899977183344,5.099999904632568,12.000000476837158,-11.099998950958252,0
10,1,0,2,20.0,-20.0,20.0,20.0,-10.0,0.0,1,-22.00000047683716,0,54.31640267372208,22.00000047683716,22.00000047683716,9.00000095367432,1
10,1,0,2,20.0,-20.0,20.0,20.0,-10.0,0.0,1,-12.999999523162842,1,54.31640267372208,12.999999523162842,22.00000047683716,9.00000095367432,1
10,1,0,2,20.0,-20.0,20.0,20.0,-10.0,0.0,2,-4.000000953674316,0,54.31640267372208,4.000000953674316,22.00000047683716,-10.124998092651367,0
10,1,0,2,20.0,-20.0,20.0,20.0,-10.0,0.0,2,-14.124999046325684,1,54.31640267372208,14.124999046325684,22.00000047683716,-10.124998092651367,0
11,2,0,2,20.0,20.0,0.0,-20.0,-20.0,20.0,1,-2.0000000298023224,0,111.8958412284655,2.0000000298023224,24.00000095367432,-22.000000923871998,0
11,2,0,2,20.0,20.0,0.0,-20.0,-20.0,20.0,1,-24.00000095367432,1,111.8958412284655,24.00000095367432,24.00000095367432,-22.000000923871998,0
11,2,0,2,20.0,20.0,0.0,-20.0,-20.0,20.0,2,-24.00000095367432,0,111.8958412284655,24.00000095367432,24.00000095367432,11.499999761581424,1
11,2,0,2,20.0,20.0,0.0,-20.0,-20.0,20.0,2,-12.500001192092896,1,111.8958412284655,12.500001192092896,24.00000095367432,11.499999761581424,1
12,6,0,2,10.0,20.0,0.0,-10.0,-10.0,-20.0,1,8.00000011920929,0,60.39582795898146,8.00000011920929,25.999999046325684,5.499998927116394,1
12,6,0,2,10.0,20.0,0.0,-10.0,-10.0,-20.0,1,13.499999046325684,1,60.39582795898146,13.499999046325684,25.999999046325684,5.499998927116394,1
12,6,0,2,10.0,20.0,0.0,-10.0,-10.0,-20.0,2,25.999999046325684,0,60.39582795898146,25.999999046325684,25.999999046325684,-13.99999976158142,0
12,6,0,2,10.0,20.0,0.0,-10.0,-10.0,-20.0,2,11.999999284744264,1,60.39582795898146,11.999999284744264,25.999999046325684,-13.99999976158142,0
13,3,0,2,20.0,20.0,20.0,0.0,0.0,-10.0,1,-2.0000000298023224,0,41.95582980901012,2.0000000298023224,8.799999356269836,-3.500000089406967,0
13,3,0,2,20.0,20.0,20.0,0.0,0.0,-10.0,1,-5.5000001192092896,1,41.95582980901012,5.5000001192092896,8.799999356269836,-3.500000089406967,0
13,3,0,2,20.0,20.0,20.0,0.0,0.0,-10.0,2,-4.000000059604645,0,41.95582980901012,4.000000059604645,8.799999356269836,12.799999415874481,1
13,3,0,2,20.0,20.0,20.0,0.0,0.0,-10.0,2,8.799999356269836,1,41.95582980901012,8.799999356269836,8.799999356269836,12.799999415874481,1
14,2,0,2,20.0,20.0,0.0,-10.0,-20.0,20.0,1,-2.0000000298023224,0,48.33333407839163,2.0000000298023224,15.0,-12.999999970197678,0
14,2,0,2,20.0,20.0,0.0,-10.0,-20.0,20.0,1,-15.0,1,48.33333407839163,15.0,15.0,-12.999999970197678,0
14,2,0,2,20.0,20.0,0.0,-10.0,-20.0,20.0,2,-14.000000953674316,0,48.33333407839163,14.000000953674316,15.0,11.000000238418579,1
14,2,0,2,20.0,20.0,0.0,-10.0,-20.0,20.0,2,-3.0000007152557373,1,48.33333407839163,3.0000007152557373,15.0,11.000000238418579,1
15,1,0,2,20.0,-20.0,20.0,20.0,0.0,-10.0,1,-22.00000047683716,0,74.75000037749628,22.00000047683716,22.00000047683716,17.50000059604645,1
15,1,0,2,20.0,-20.0,20.0,20.0,0.0,-10.0,1,-4.4999998807907104,1,74.75000037749628,4.4999998807907104,22.00000047683716,17.50000059604645,1
15,1,0,2,20.0,-20.0,20.0,20.0,0.0,-10.0,2,-4.000000953674316,0,74.75000037749628,4.000000953674316,22.00000047683716,-10.499999523162842,0
15,1,0,2,20.0,-20.0,20.0,20.0,0.0,-10.0,2,-14.500000476837158,1,74.75000037749628,14.500000476837158,22.00000047683716,-10.499999523162842,0
16,2,0,2,20.0,20.0,0.0,10.0,-20.0,-10.0,1,-2.0000000298023224,0,40.229167930781934,2.0000000298023224,8.500000238418579,4.999999552965164,1
16,2,0,2,20.0,20.0,0.0,10.0,-20.0,-10.0,1,2.999999523162842,1,40.229167930781934,2.999999523162842,8.500000238418579,4.999999552965164,1
16,2,0,2,20.0,20.0,0.0,10.0,-20.0,-10.0,2,6.000000238418579,0,40.229167930781934,6.000000238418579,8.500000238418579,-14.500000476837158,0
16,2,0,2,20.0,20.0,0.0,10.0,-20.0,-10.0,2,-8.500000238418579,1,40.229167930781934,8.500000238418579,8.500000238418579,-14.500000476837158,0
17,2,0,2,20.0,20.0,-10.0,10.0,-20.0,-20.0,1,-12.000000476837158,0,69.53558022737549,12.000000476837158,16.2250018119812,14.49999988079071,1
17,2,0,2,20.0,20.0,-10.0,10.0,-20.0,-20.0,1,2.499999403953552,1,69.53558022737549,2.499999403953552,16.2250018119812,14.49999988079071,1
17,2,0,2,20.0,20.0,-10.0,10.0,-20.0,-20.0,2,-4.000000357627869,0,69.53558022737549,4.000000357627869,16.2250018119812,-12.225001454353333,0
17,2,0,2,20.0,20.0,-10.0,10.0,-20.0,-20.0,2,-16.2250018119812,1,69.53558022737549,16.2250018119812,16.2250018119812,-12.225001454353333,0
18,1,0,2,20.0,-10.0,20.0,20.0,0.0,0.0,1,-12.000000476837158,0,54.91666255394666,12.000000476837158,12.000000476837158,8.000000715255737,1
18,1,0,2,20.0,-10.0,20.0,20.0,0.0,0.0,1,-3.999999761581421,1,54.91666255394666,3.999999761581421,12.000000476837158,8.000000715255737,1
18,1,0,2,20.0,-10.0,20.0,20.0,0.0,0.0,2,5.999999046325684,0,54.91666255394666,5.999999046325684,12.000000476837158,-10.999998450279236,0
18,1,0,2,20.0,-10.0,20.0,20.0,0.0,0.0,2,-4.999999403953552,1,54.91666255394666,4.999999403953552,12.000000476837158,-10.999998450279236,0
19,5,0,2,20.0,-10.0,0.0,-10.0,20.0,-20.0,1,-22.00000047683716,0,54.10562167922741,22.00000047683716,22.00000047683716,9.00000095367432,1
19,5,0,2,20.0,-10.0,0.0,-10.0,20.0,-20.0,1,-12.999999523162842,1,54.10562167922741,12.999999523162842,22.00000047683716,9.00000095367432,1
19,5,0,2,20.0,-10.0,0.0,-10.0,20.0,-20.0,2,-4.000000953674316,0,54.10562167922741,4.000000953674316,22.00000047683716,-9.64999794960022,0
19,5,0,2,20.0,-10.0,0.0,-10.0,20.0,-20.0,2,-13.649998903274536,1,54.10562167922741,13.649998903274536,22.00000047683716,-9.64999794960022,0
20,4,0,2,20.0,-10.0,20.0,-20.0,0.0,-10.0,1,-2.0000000298023224,0,65.20640070733938,2.0000000298023224,13.99999976158142,-10.99999949336052,0
20,4,0,2,20.0,-10.0,20.0,-20.0,0.0,-10.0,1,-12.999999523162842,1,65.20640070733938,12.999999523162842,13.99999976158142,-10.99999949336052,0
20,4,0,2,20.0,-10.0,20.0,-20.0,0.0,-10.0,2,-13.99999976158142,0,65.20640070733938,13.99999976158142,13.99999976158142,16.27499938011169,1
20,4,0,2,20.0,-10.0,20.0,-20.0,0.0,-10.0,2,2.274999618530273,1,65.20640070733938,2.274999618530273,13.99999976158142,16.27499938011169,1
21,2,0,2,20.0,20.0,-20.0,-20.0,-10.0,20.0,1,-22.00000047683716,0,96.0722718493154,22.00000047683716,35.999999046325684,-2.5,0
21,2,0,2,20.0,20.0,-20.0,-20.0,-10.0,20.0,1,-24.50000047683716,1,96.0722718493154,24.50000047683716,35.999999046325684,-2.5,0
21,2,0,2,20.0,20.0,-20.0,-20.0,-10.0,20.0,2,-35.999999046325684,0,96.0722718493154,35.999999046325684,35.999999046325684,23.849997520446777,1
21,2,0,2,20.0,20.0,-20.0,-20.0,-10.0,20.0,2,-12.150001525878906,1,96.0722718493154,12.150001525878906,35.999999046325684,23.849997520446777,1
22,3,0,2,20.0,20.0,20.0,-20.0,-20.0,0.0,1,-22.00000047683716,0,56.66395316282925,22.00000047683716,27.00000047683716,-2.000000476837158,0
22,3,0,2,20.0,20.0,20.0,-20.0,-20.0,0.0,1,-24.00000095367432,1,56.66395316282925,24.00000095367432,27.00000047683716,-2.000000476837158,0
22,3,0,2,20.0,20.0,20.0,-20.0,-20.0,0.0,2,-27.00000047683716,0,56.66395316282925,27.00000047683716,27.00000047683716,17.149999141693115,1
22,3,0,2,20.0,20.0,20.0,-20.0,-20.0,0.0,2,-9.850001335144045,1,56.66395316282925,9.850001335144045,27.00000047683716,17.149999141693115,1
23,1,0,2,20.0,-20.0,20.0,20.0,10.0,-20.0,1,-22.00000047683716,0,128.03999571164522,22.00000047683716,22.00000047683716,26.000000238418583,1
23,1,0,2,20.0,-20.0,20.0,20.0,10.0,-20.0,1,3.999999761581421,1,128.03999571164522,3.999999761581421,22.00000047683716,26.000000238418583,1
23,1,0,2,20.0,-20.0,20.0,20.0,10.0,-20.0,2,-4.000000953674316,0,128.03999571164522,4.000000953674316,22.00000047683716,-9.599997997283936,0
23,1,0,2,20.0,-20.0,20.0,20.0,10.0,-20.0,2,-13.599998950958252,1,128.03999571164522,13.599998950958252,22.00000047683716,-9.599997997283936,0
24,2,0,2,20.0,20.0,0.0,0.0,-10.0,20.0,1,-2.0000000298023224,0,33.88395573462055,2.0000000298023224,7.449999451637268,-3.500000089406967,0
24,2,0,2,20.0,20.0,0.0,0.0,-10.0,20.0,1,-5.5000001192092896,1,33.88395573462055,5.5000001192092896,7.449999451637268,-3.500000089406967,0
24,2,0,2,20.0,20.0,0.0,0.0,-10.0,20.0,2,-4.000000059604645,0,33.88395573462055,4.000000059604645,7.449999451637268,11.449999511241913,1
24,2,0,2,20.0,20.0,0.0,0.0,-10.0,20.0,2,7.449999451637268,1,33.88395573462055,7.449999451637268,7.449999451637268,11.449999511241913,1
25,2,0,2,20.0,20.0,-10.0,-10.0,0.0,20.0,1,-12.000000476837158,0,46.345990376273846,12.000000476837158,16.500000953674316,-2.5,0
25,2,0,2,20.0,20.0,-10.0,-10.0,0.0,20.0,1,-14.500000476837158,1,46.345990376273846,14.500000476837158,16.500000953674316,-2.5,0
25,2,0,2,20.0,20.0,-10.0,-10.0,0.0,20.0,2,-16.500000953674316,0,46.345990376273846,16.500000953674316,16.500000953674316,15.27500033378601,1
25,2,0,2,20.0,20.0,-10.0,-10.0,0.0,20.0,2,-1.2250006198883057,1,46.345990376273846,1.2250006198883057,16.500000953674316,15.27500033378601,1
26,3,1,2,20.0,20.0,10.0,0.0,-20.0,-20.0,1,-2.0000000298023224,0,62.000001053015545,2.0000000298023224,20.0,-17.999999970197678,0
26,3,1,2,20.0,20.0,10.0,0.0,-20.0,-20.0,1,-20.0,1,62.000001053015545,20.0,20.0,-17.999999970197678,0
26,3,1,2,20.0,20.0,10.0,0.0,-20.0,-20.0,2,-17.000000476837158,0,62.000001053015545,17.000000476837158,20.0,4.000000953674316,1
26,3,1,2,20.0,20.0,10.0,0.0,-20.0,-20.0,2,-12.999999523162842,1,62.000001053015545,12.999999523162842,20.0,4.000000953674316,1
27,3,1,2,20.0,20.0,10.0,-10.0,-20.0,0.0,1,-12.000000476837158,0,20.22916677594191,12.000000476837158,17.5,-5.499999523162842,0
27,3,1,2,20.0,20.0,10.0,-10.0,-20.0,0.0,1,-17.5,1,20.22916677594191,17.5,17.5,-5.499999523162842,0
27,3,1,2,20.0,20.0,10.0,-10.0,-20.0,0.0,2,-17.000000476837158,0,20.22916677594191,17.000000476837158,17.5,9.000000357627869,1
27,3,1,2,20.0,20.0,10.0,-10.0,-20.0,0.0,2,-8.00000011920929,1,20.22916677594191,8.00000011920929,17.5,9.000000357627869,1
28,1,1,2,20.0,0.0,-20.0,-10.0,-20.0,20.0,1,-2.0000000298023224,0,118.68228893354556,2.0000000298023224,22.00000047683716,-10.499999970197678,0
28,1,1,2,20.0,0.0,-20.0,-10.0,-20.0,20.0,1,-12.5,1,118.68228893354556,12.5,22.00000047683716,-10.499999970197678,0
28,1,1,2,20.0,0.0,-20.0,-10.0,-20.0,20.0,2,-22.00000047683716,0,118.68228893354556,22.00000047683716,22.00000047683716,24.249999523162845,1
28,1,1,2,20.0,0.0,-20.0,-10.0,-20.0,20.0,2,2.249999046325684,1,118.68228893354556,2.249999046325684,22.00000047683716,24.249999523162845,1
29,4,1,2,-10.0,-10.0,20.0,20.0,0.0,10.0,1,-2.0000000298023224,0,19.42057422983152,2.0000000298023224,6.000000238418579,-0.4999999701976776,0
29,4,1,2,-10.0,-10.0,20.0,20.0,0.0,10.0,1,-2.5,1,19.42057422983152,2.5,6.000000238418579,-0.4999999701976776,0
29,4,1,2,-10.0,-10.0,20.0,20.0,0.0,10.0,2,6.000000238418579,0,19.42057422983152,6.000000238418579,6.000000238418579,-9.625000357627869,0
29,4,1,2,-10.0,-10.0,20.0,20.0,0.0,10.0,2,-3.6250001192092896,1,19.42057422983152,3.6250001192092896,6.000000238418579,-9.625000357627869,0
30,6,1,2,10.0,0.0,20.0,20.0,-10.0,-20.0,1,8.00000011920929,0,30.16666396458953,8.00000011920929,15.499999523162842,-5.5000001192092896,0
30,6,1,2,10.0,0.0,20.0,20.0,-10.0,-20.0,1,2.5,1,30.16666396458953,2.5,15.499999523162842,-5.5000001192092896,0
30,6,1,2,10.0,0.0,20.0,20.0,-10.0,-20.0,2,6.000000238418579,0,30.16666396458953,6.000000238418579,15.499999523162842,9.499999284744263,1
30,6,1,2,10.0,0.0,20.0,20.0,-10.0,-20.0,2,15.499999523162842,1,30.16666396458953,15.499999523162842,15.499999523162842,9.499999284744263,1
31,3,1,2,20.0,20.0,20.0,0.0,-10.0,-10.0,1,-2.0000000298023224,0,27.410157268866957,2.0000000298023224,12.5,-10.499999970197678,0
31,3,1,2,20.0,20.0,20.0,0.0,-10.0,-10.0,1,-12.5,1,27.410157268866957,12.5,12.5,-10.499999970197678,0
31,3,1,2,20.0,20.0,20.0,0.0,-10.0,-10.0,2,-9.49999988079071,0,27.410157268866957,9.49999988079071,12.5,7.125000357627869,1
31,3,1,2,20.0,20.0,20.0,0.0,-10.0,-10.0,2,-2.374999523162842,1,27.410157268866957,2.374999523162842,12.5,7.125000357627869,1
32,5,1,2,20.0,20.0,-20.0,-20.0,20.0,-10.0,1,-12.000000476837158,0,68.95182290424923,12.000000476837158,12.000000476837158,17.000000476837158,1
32,5,1,2,20.0,20.0,-20.0,-20.0,20.0,-10.0,1,5.0,1,68.95182290424923,5.0,12.000000476837158,17.000000476837158,1
32,5,1,2,20.0,20.0,-20.0,-20.0,20.0,-10.0,2,5.999999046325684,0,68.95182290424923,5.999999046325684,12.000000476837158,-4.624999165534973,0
32,5,1,2,20.0,20.0,-20.0,-20.0,20.0,-10.0,2,1.3749998807907104,1,68.95182290424923,1.3749998807907104,12.000000476837158,-4.624999165534973,0
33,5,1,2,20.0,20.0,0.0,-20.0,-10.0,10.0,1,8.00000011920929,0,69.49348073949446,8.00000011920929,25.999999046325684,1.9999998807907104,1
33,5,1,2,20.0,20.0,0.0,-20.0,-10.0,10.0,1,10.0,1,69.49348073949446,10.0,25.999999046325684,1.9999998807907104,1
33,5,1,2,20.0,20.0,0.0,-20.0,-10.0,10.0,2,25.999999046325684,0,69.49348073949446,25.999999046325684,25.999999046325684,-15.624998807907103,0
33,5,1,2,20.0,20.0,0.0,-20.0,-10.0,10.0,2,10.37500023841858,1,69.49348073949446,10.37500023841858,25.999999046325684,-15.624998807907103,0
34,5,1,2,20.0,20.0,0.0,-10.0,-20.0,10.0,1,8.00000011920929,0,69.2291593452297,8.00000011920929,25.999999046325684,1.9999998807907104,1
34,5,1,2,20.0,20.0,0.0,-10.0,-20.0,10.0,1,10.0,1,69.2291593452297,10.0,25.999999046325684,1.9999998807907104,1
34,5,1,2,20.0,20.0,0.0,-10.0,-20.0,10.0,2,25.999999046325684,0,69.2291593452297,25.999999046325684,25.999999046325684,-15.499999523162842,0
34,5,1,2,20.0,20.0,0.0,-10.0,-20.0,10.0,2,10.499999523162842,1,69.2291593452297,10.499999523162842,25.999999046325684,-15.499999523162842,0
35,1,1,2,20.0,-10.0,-10.0,-20.0,-20.0,20.0,1,-12.000000476837158,0,96.14062386751196,12.000000476837158,24.00000095367432,-2.999999523162842,0
35,1,1,2,20.0,-10.0,-10.0,-20.0,-20.0,20.0,1,-15.0,1,96.14062386751196,15.0,24.00000095367432,-2.999999523162842,0
35,1,1,2,20.0,-10.0,-10.0,-20.0,-20.0,20.0,2,-24.00000095367432,0,96.14062386751196,24.00000095367432,24.00000095367432,23.750000000000004,1
35,1,1,2,20.0,-10.0,-10.0,-20.0,-20.0,20.0,2,-0.2500009536743164,1,96.14062386751196,0.2500009536743164,24.00000095367432,23.750000000000004,1
36,5,1,2,20.0,20.0,-10.0,-20.0,10.0,0.0,1,-2.0000000298023224,0,55.51561960205456,2.0000000298023224,15.999999046325684,9.500000029802322,1
36,5,1,2,20.0,20.0,-10.0,-20.0,10.0,0.0,1,7.5,1,55.51561960205456,7.5,15.999999046325684,9.500000029802322,1
36,5,1,2,20.0,20.0,-10.0,-20.0,10.0,0.0,2,15.999999046325684,0,55.51561960205456,15.999999046325684,15.999999046325684,-11.249999403953552,0
36,5,1,2,20.0,20.0,-10.0,-20.0,10.0,0.0,2,4.749999642372131,1,55.51561960205456,4.749999642372131,15.999999046325684,-11.249999403953552,0
37,2,1,2,20.0,10.0,0.0,20.0,-10.0,-20.0,1,-2.0000000298023224,0,61.14061852172037,2.0000000298023224,15.999999046325684,4.500000029802322,1
37,2,1,2,20.0,10.0,0.0,20.0,-10.0,-20.0,1,2.5,1,61.14061852172037,2.5,15.999999046325684,4.500000029802322,1
37,2,1,2,20.0,10.0,0.0,20.0,-10.0,-20.0,2,15.999999046325684,0,61.14061852172037,15.999999046325684,15.999999046325684,-13.749999403953552,0
37,2,1,2,20.0,10.0,0.0,20.0,-10.0,-20.0,2,2.249999642372132,1,61.14061852172037,2.249999642372132,15.999999046325684,-13.749999403953552,0
38,2,1,2,20.0,20.0,0.0,10.0,-10.0,-10.0,1,-2.0000000298023224,0,16.43229263524216,2.0000000298023224,6.000000238418579,-0.4999999701976776,0
38,2,1,2,20.0,20.0,0.0,10.0,-10.0,-10.0,1,-2.5,1,16.43229263524216,2.5,6.000000238418579,-0.4999999701976776,0
38,2,1,2,20.0,20.0,0.0,10.0,-10.0,-10.0,2,6.000000238418579,0,16.43229263524216,6.000000238418579,6.000000238418579,-7.750000208616257,0
38,2,1,2,20.0,20.0,0.0,10.0,-10.0,-10.0,2,-1.7499999701976776,1,16.43229263524216,1.7499999701976776,6.000000238418579,-7.750000208616257,0
39,5,1,2,20.0,20.0,-10.0,10.0,-20.0,0.0,1,-2.0000000298023224,0,56.43228637054583,2.0000000298023224,15.999999046325684,9.500000029802322,1
39,5,1,2,20.0,20.0,-10.0,10.0,-20.0,0.0,1,7.5,1,56.43228637054583,7.5,15.999999046325684,9.500000029802322,1
39,5,1,2,20.0,20.0,-10.0,10.0,-20.0,0.0,2,15.999999046325684,0,56.43228637054583,15.999999046325684,15.999999046325684,-5.7499992847442645,0
39,5,1,2,20.0,20.0,-10.0,10.0,-20.0,0.0,2,10.24999976158142,1,56.43228637054583,10.24999976158142,15.999999046325684,-5.7499992847442645,0
40,2,1,2,20.0,10.0,-10.0,0.0,-20.0,-20.0,1,-12.000000476837158,0,13.118486702442546,12.000000476837158,19.87499952316284,-0.4999995231628418,0
40,2,1,2,20.0,10.0,-10.0,0.0,-20.0,-20.0,1,-12.5,1,13.118486702442546,12.5,19.87499952316284,-0.4999995231628418,0
40,2,1,2,20.0,10.0,-10.0,0.0,-20.0,-20.0,2,-14.000000953674316,0,13.118486702442546,14.000000953674316,19.87499952316284,-5.874998569488522,0
40,2,1,2,20.0,10.0,-10.0,0.0,-20.0,-20.0,2,-19.87499952316284,1,13.118486702442546,19.87499952316284,19.87499952316284,-5.874998569488522,0
41,2,1,2,20.0,20.0,-10.0,20.0,-20.0,-20.0,1,-12.000000476837158,0,54.21223673969525,12.000000476837158,12.000000476837158,9.500000476837158,1
41,2,1,2,20.0,20.0,-10.0,20.0,-20.0,-20.0,1,-2.5,1,54.21223673969525,2.5,12.000000476837158,9.500000476837158,1
41,2,1,2,20.0,20.0,-10.0,20.0,-20.0,-20.0,2,5.999999046325684,0,54.21223673969525,5.999999046325684,12.000000476837158,-9.624999165534973,0
41,2,1,2,20.0,20.0,-10.0,20.0,-20.0,-20.0,2,-3.6250001192092896,1,54.21223673969525,3.6250001192092896,12.000000476837158,-9.624999165534973,0
42,6,1,2,10.0,-10.0,20.0,10.0,-20.0,0.0,1,8.00000011920929,0,34.75000067551938,8.00000011920929,8.00000011920929,-10.50000011920929,0
42,6,1,2,10.0,-10.0,20.0,10.0,-20.0,0.0,1,-2.5,1,34.75000067551938,2.5,8.00000011920929,-10.50000011920929,0
42,6,1,2,10.0,-10.0,20.0,10.0,-20.0,0.0,2,-4.000000357627869,0,34.75000067551938,4.000000357627869,8.00000011920929,9.49999988079071,1
42,6,1,2,10.0,-10.0,20.0,10.0,-20.0,0.0,2,5.499999523162842,1,34.75000067551938,5.499999523162842,8.00000011920929,9.49999988079071,1
43,4,1,2,-20.0,-20.0,20.0,10.0,-10.0,10.0,1,-12.000000476837158,0,21.015622988343424,12.000000476837158,14.249999523162842,4.500000476837158,1
43,4,1,2,-20.0,-20.0,20.0,10.0,-10.0,10.0,1,-7.5,1,21.015622988343424,7.5,14.249999523162842,4.500000476837158,1
43,4,1,2,-20.0,-20.0,20.0,10.0,-10.0,10.0,2,-4.000000357627869,0,21.015622988343424,4.000000357627869,14.249999523162842,-10.249999165534973,0
43,4,1,2,-20.0,-20.0,20.0,10.0,-10.0,10.0,2,-14.249999523162842,1,21.015622988343424,14.249999523162842,14.249999523162842,-10.249999165534973,0
44,5,1,2,20.0,0.0,0.0,0.0,0.0,-10.0,1,-12.000000476837158,0,55.999998092651566,12.000000476837158,12.000000476837158,12.000000476837158,1
44,5,1,2,20.0,0.0,0.0,0.0,0.0,-10.0,1,0.0,1,55.999998092651566,0.0,12.000000476837158,12.000000476837158,1
44,5,1,2,20.0,0.0,0.0,0.0,0.0,-10.0,2,5.999999046325684,0,55.999998092651566,5.999999046325684,12.000000476837158,-7.999999076128006,0
44,5,1,2,20.0,0.0,0.0,0.0,0.0,-10.0,2,-2.0000000298023224,1,55.999998092651566,2.0000000298023224,12.000000476837158,-7.999999076128006,0
45,6,1,2,10.0,-10.0,20.0,0.0,0.0,-20.0,1,8.00000011920929,0,24.749999781449688,8.00000011920929,8.00000011920929,-10.50000011920929,0
45,6,1,2,10.0,-10.0,20.0,0.0,0.0,-20.0,1,-2.5,1,24.749999781449688,2.5,8.00000011920929,-10.50000011920929,0
45,6,1,2,10.0,-10.0,20.0,0.0,0.0,-20.0,2,-1.9999998807907104,0,24.749999781449688,1.9999998807907104,8.00000011920929,5.499999523162842,1
45,6,1,2,10.0,-10.0,20.0,0.0,0.0,-20.0,2,3.499999642372132,1,24.749999781449688,3.499999642372132,8.00000011920929,5.499999523162842,1
46,4,1,2,20.0,10.0,20.0,10.0,-20.0,-20.0,1,-22.00000047683716,0,72.56249570846573,22.00000047683716,22.00000047683716,7.000000476837162,1
46,4,1,2,20.0,10.0,20.0,10.0,-20.0,-20.0,1,-15.0,1,72.56249570846573,15.0,22.00000047683716,7.000000476837162,1
46,4,1,2,20.0,10.0,20.0,10.0,-20.0,-20.0,2,-12.000000476837158,0,72.56249570846573,12.000000476837158,22.00000047683716,10.499999523162842,1
46,4,1,2,20.0,10.0,20.0,10.0,-20.0,-20.0,2,-1.5000009536743164,1,72.56249570846573,1.5000009536743164,22.00000047683716,10.499999523162842,1
47,4,1,2,20.0,-10.0,-20.0,10.0,0.0,-10.0,1,-2.0000000298023224,0,28.390626486390875,2.0000000298023224,12.000000476837158,-2.9999999701976776,0
47,4,1,2,20.0,-10.0,-20.0,10.0,0.0,-10.0,1,-5.0,1,28.390626486390875,5.0,12.000000476837158,-2.9999999701976776,0
47,4,1,2,20.0,-10.0,-20.0,10.0,0.0,-10.0,2,-12.000000476837158,0,28.390626486390875,12.000000476837158,12.000000476837158,12.250000238418579,1
47,4,1,2,20.0,-10.0,-20.0,10.0,0.0,-10.0,2,0.2499997615814209,1,28.390626486390875,0.2499997615814209,12.000000476837158,12.250000238418579,1
48,5,1,2,-10.0,-20.0,20.0,20.0,20.0,-10.0,1,-12.000000476837158,0,121.368488699198,12.000000476837158,24.00000095367432,-0.4999995231628418,0
48,5,1,2,-10.0,-20.0,20.0,20.0,20.0,-10.0,1,-12.5,1,121.368488699198,12.5,24.00000095367432,-0.4999995231628418,0
48,5,1,2,-10.0,-20.0,20.0,20.0,20.0,-10.0,2,-24.00000095367432,0,121.368488699198,24.00000095367432,24.00000095367432,26.875000000000004,1
48,5,1,2,-10.0,-20.0,20.0,20.0,20.0,-10.0,2,2.874999046325684,1,121.368488699198,2.874999046325684,24.00000095367432,26.875000000000004,1
49,6,1,2,10.0,20.0,10.0,-20.0,-10.0,0.0,1,8.00000011920929,0,64.89061728616585,8.00000011920929,25.999999046325684,1.9999998807907104,1
49,6,1,2,10.0,20.0,10.0,-20.0,-10.0,0.0,1,10.0,1,64.89061728616585,10.0,25.999999046325684,1.9999998807907104,1
49,6,1,2,10.0,20.0,10.0,-20.0,-10.0,0.0,2,25.999999046325684,0,64.89061728616585,25.999999046325684,25.999999046325684,-11.249998807907103,0
49,6,1,2,10.0,20.0,10.0,-20.0,-10.0,0.0,2,14.75000023841858,1,64.89061728616585,14.75000023841858,25.999999046325684,-11.249998807907103,0
50,2,1,2,20.0,10.0,0.0,20.0,-20.0,-10.0,1,-2.0000000298023224,0,68.72395085170885,2.0000000298023224,15.999999046325684,2.0000000298023224,1
50,2,1,2,20.0,10.0,0.0,20.0,-20.0,-10.0,1,0.0,1,68.72395085170885,0.0,15.999999046325684,2.0000000298023224,1
50,2,1,2,20.0,10.0,0.0,20.0,-20.0,-10.0,2,15.999999046325684,0,68.72395085170885,15.999999046325684,15.999999046325684,-15.249999165534973,0
50,2,1,2,20.0,10.0,0.0,20.0,-20.0,-10.0,2,0.7499998807907104,1,68.72395085170885,0.7499998807907104,15.999999046325684,-15.249999165534973,0
51,1,0,3,20.0,10.0,0.0,-20.0,-10.0,20.0,1,8.00000011920929,0,138.39660281912498,8.00000011920929,21.25,-21.99999988079071,0
51,1,0,3,20.0,10.0,0.0,-20.0,-10.0,20.0,1,-13.99999976158142,1,138.39660281912498,13.99999976158142,21.25,-21.99999988079071,0
51,1,0,3,20.0,10.0,0.0,-20.0,-10.0,20.0,2,6.000000238418579,0,138.39660281912498,6.000000238418579,21.25,-2.2250008583068848,0
51,1,0,3,20.0,10.0,0.0,-20.0,-10.0,20.0,2,3.7749993801116943,1,138.39660281912498,3.7749993801116943,21.25,-2.2250008583068848,0
51,1,0,3,20.0,10.0,0.0,-20.0,-10.0,20.0,3,-3.149999976158142,0,138.39660281912498,3.149999976158142,21.25,24.399999976158142,1
51,1,0,3,20.0,10.0,0.0,-20.0,-10.0,20.0,3,21.25,1,138.39660281912498,21.25,21.25,24.399999976158142,1
52,4,0,3,20.0,20.0,0.0,-20.0,10.0,-10.0,1,8.00000011920929,0,185.40043187363105,8.00000011920929,22.00000047683716,-20.50000011920929,0
52,4,0,3,20.0,20.0,0.0,-20.0,10.0,-10.0,1,-12.5,1,185.40043187363105,12.5,22.00000047683716,-20.50000011920929,0
52,4,0,3,20.0,20.0,0.0,-20.0,10.0,-10.0,2,22.00000047683716,0,185.40043187363105,22.00000047683716,22.00000047683716,-16.700000762939457,0
52,4,0,3,20.0,20.0,0.0,-20.0,10.0,-10.0,2,5.299999713897705,1,185.40043187363105,5.299999713897705,22.00000047683716,-16.700000762939457,0
52,4,0,3,20.0,20.0,0.0,-20.0,10.0,-10.0,3,21.22499942779541,0,185.40043187363105,21.22499942779541,22.00000047683716,0.15624761581420898,1
52,4,0,3,20.0,20.0,0.0,-20.0,10.0,-10.0,3,21.38124704360962,1,185.40043187363105,21.38124704360962,22.00000047683716,0.15624761581420898,1
53,1,0,3,20.0,10.0,0.0,-20.0,-20.0,20.0,1,8.00000011920929,0,163.83342737197944,8.00000011920929,22.99999952316284,-30.999999642372128,0
53,1,0,3,20.0,10.0,0.0,-20.0,-20.0,20.0,1,-22.99999952316284,1,163.83342737197944,22.99999952316284,22.99999952316284,-30.999999642372128,0
53,1,0,3,20.0,10.0,0.0,-20.0,-20.0,20.0,2,6.000000238418579,0,163.83342737197944,6.000000238418579,22.99999952316284,-11.25,0
53,1,0,3,20.0,10.0,0.0,-20.0,-20.0,20.0,2,-5.249999761581421,1,163.83342737197944,5.249999761581421,22.99999952316284,-11.25,0
53,1,0,3,20.0,10.0,0.0,-20.0,-20.0,20.0,3,-4.500001072883606,0,163.83342737197944,4.500001072883606,22.99999952316284,16.7249995470047,1
53,1,0,3,20.0,10.0,0.0,-20.0,-20.0,20.0,3,12.224998474121094,1,163.83342737197944,12.224998474121094,22.99999952316284,16.7249995470047,1
54,6,0,3,10.0,20.0,20.0,0.0,-20.0,-10.0,1,8.00000011920929,0,165.47958645078066,8.00000011920929,44.00000095367432,6.499999165534975,1
54,6,0,3,10.0,20.0,20.0,0.0,-20.0,-10.0,1,14.499999284744264,1,165.47958645078066,14.499999284744264,44.00000095367432,6.499999165534975,1
54,6,0,3,10.0,20.0,20.0,0.0,-20.0,-10.0,2,25.999999046325684,0,165.47958645078066,25.999999046325684,44.00000095367432,5.499999523162842,1
54,6,0,3,10.0,20.0,20.0,0.0,-20.0,-10.0,2,31.499998569488525,1,165.47958645078066,31.499998569488525,44.00000095367432,5.499999523162842,1
54,6,0,3,10.0,20.0,20.0,0.0,-20.0,-10.0,3,44.00000095367432,0,165.47958645078066,44.00000095367432,44.00000095367432,-13.822503089904792,0
54,6,0,3,10.0,20.0,20.0,0.0,-20.0,-10.0,3,30.17749786376953,1,165.47958645078066,30.17749786376953,44.00000095367432,-13.822503089904792,0
55,6,0,3,10.0,20.0,20.0,-20.0,0.0,-10.0,1,8.00000011920929,0,160.9116680198503,8.00000011920929,44.00000095367432,6.499999165534975,1
55,6,0,3,10.0,20.0,20.0,-20.0,0.0,-10.0,1,14.499999284744264,1,160.9116680198503,14.499999284744264,44.00000095367432,6.499999165534975,1
55,6,0,3,10.0,20.0,20.0,-20.0,0.0,-10.0,2,25.999999046325684,0,160.9116680198503,25.999999046325684,44.00000095367432,5.274999141693115,1
55,6,0,3,10.0,20.0,20.0,-20.0,0.0,-10.0,2,31.2749981880188,1,160.9116680198503,31.2749981880188,44.00000095367432,5.274999141693115,1
55,6,0,3,10.0,20.0,20.0,-20.0,0.0,-10.0,3,44.00000095367432,0,160.9116680198503,44.00000095367432,44.00000095367432,-16.99125289916993,0
55,6,0,3,10.0,20.0,20.0,-20.0,0.0,-10.0,3,27.008748054504395,1,160.9116680198503,27.008748054504395,44.00000095367432,-16.99125289916993,0
56,1,0,3,20.0,0.0,10.0,-20.0,-20.0,20.0,1,-2.0000000298023224,0,162.3937359735376,2.0000000298023224,22.99999952316284,-20.999999493360516,0
56,1,0,3,20.0,0.0,10.0,-20.0,-20.0,20.0,1,-22.99999952316284,1,162.3937359735376,22.99999952316284,22.99999952316284,-20.999999493360516,0
56,1,0,3,20.0,0.0,10.0,-20.0,-20.0,20.0,2,6.000000238418579,0,162.3937359735376,6.000000238418579,22.99999952316284,-11.25,0
56,1,0,3,20.0,0.0,10.0,-20.0,-20.0,20.0,2,-5.249999761581421,1,162.3937359735376,5.249999761581421,22.99999952316284,-11.25,0
56,1,0,3,20.0,0.0,10.0,-20.0,-20.0,20.0,3,-13.99999976158142,0,162.3937359735376,13.99999976158142,22.99999952316284,25.699998140335083,1
56,1,0,3,20.0,0.0,10.0,-20.0,-20.0,20.0,3,11.699998378753662,1,162.3937359735376,11.699998378753662,22.99999952316284,25.699998140335083,1
57,3,0,3,-10.0,-10.0,20.0,-10.0,10.0,-10.0,1,-12.000000476837158,0,71.42375513434452,12.000000476837158,16.000001430511475,15.0,1
57,3,0,3,-10.0,-10.0,20.0,-10.0,10.0,-10.0,1,2.999999523162842,1,71.42375513434452,2.999999523162842,16.000001430511475,15.0,1
57,3,0,3,-10.0,-10.0,20.0,-10.0,10.0,-10.0,2,-4.000000357627869,0,71.42375513434452,4.000000357627869,16.000001430511475,-4.000001549720764,0
57,3,0,3,-10.0,-10.0,20.0,-10.0,10.0,-10.0,2,-8.000001907348633,1,71.42375513434452,8.000001907348633,16.000001430511475,-4.000001549720764,0
57,3,0,3,-10.0,-10.0,20.0,-10.0,10.0,-10.0,3,-16.000001430511475,0,71.42375513434452,16.000001430511475,16.000001430511475,21.65000081062317,1
57,3,0,3,-10.0,-10.0,20.0,-10.0,10.0,-10.0,3,5.649999380111694,1,71.42375513434452,5.649999380111694,16.000001430511475,21.65000081062317,1
58,5,0,3,20.0,20.0,10.0,-10.0,-20.0,0.0,1,-2.0000000298023224,0,140.92934072765172,2.0000000298023224,33.999998569488525,16.50000050663948,1
58,5,0,3,20.0,20.0,10.0,-10.0,-20.0,0.0,1,14.500000476837158,1,140.92934072765172,14.500000476837158,33.999998569488525,16.50000050663948,1
58,5,0,3,20.0,20.0,10.0,-10.0,-20.0,0.0,2,15.999999046325684,0,140.92934072765172,15.999999046325684,33.999998569488525,6.000001430511478,1
58,5,0,3,20.0,20.0,10.0,-10.0,-20.0,0.0,2,22.00000047683716,1,140.92934072765172,22.00000047683716,33.999998569488525,6.000001430511478,1
58,5,0,3,20.0,20.0,10.0,-10.0,-20.0,0.0,3,33.999998569488525,0,140.92934072765172,33.999998569488525,33.999998569488525,-22.289998531341553,0
58,5,0,3,20.0,20.0,10.0,-10.0,-20.0,0.0,3,11.710000038146973,1,140.92934072765172,11.710000038146973,33.999998569488525,-22.289998531341553,0
59,1,0,3,20.0,-20.0,-20.0,-10.0,-20.0,-20.0,1,-22.00000047683716,0,171.24378201962014,22.00000047683716,56.00000381469727,-2.4999976158142054,0
59,1,0,3,20.0,-20.0,-20.0,-10.0,-20.0,-20.0,1,-24.499998092651367,1,171.24378201962014,24.499998092651367,56.00000381469727,-2.4999976158142054,0
59,1,0,3,20.0,-20.0,-20.0,-10.0,-20.0,-20.0,2,-38.00000190734863,0,171.24378201962014,38.00000190734863,56.00000381469727,-6.499996185302734,0
59,1,0,3,20.0,-20.0,-20.0,-10.0,-20.0,-20.0,2,-44.49999809265137,1,171.24378201962014,44.49999809265137,56.00000381469727,-6.499996185302734,0
59,1,0,3,20.0,-20.0,-20.0,-10.0,-20.0,-20.0,3,-56.00000381469727,0,171.24378201962014,56.00000381469727,56.00000381469727,27.250003814697273,1
59,1,0,3,20.0,-20.0,-20.0,-10.0,-20.0,-20.0,3,-28.75,1,171.24378201962014,28.75,56.00000381469727,27.250003814697273,1
60,2,0,3,20.0,10.0,0.0,0.0,-20.0,-10.0,1,-2.0000000298023224,0,55.70440632941533,2.0000000298023224,18.45000028610229,-4.000000208616257,0
60,2,0,3,20.0,10.0,0.0,0.0,-20.0,-10.0,1,-6.000000238418579,1,55.70440632941533,6.000000238418579,18.45000028610229,-4.000000208616257,0
60,2,0,3,20.0,10.0,0.0,0.0,-20.0,-10.0,2,-4.000000059604645,0,55.70440632941533,4.000000059604645,18.45000028610229,-14.450000226497647,0
60,2,0,3,20.0,10.0,0.0,0.0,-20.0,-10.0,2,-18.45000028610229,1,55.70440632941533,18.45000028610229,18.45000028610229,-14.450000226497647,0
60,2,0,3,20.0,10.0,0.0,0.0,-20.0,-10.0,3,-18.000000715255737,0,55.70440632941533,18.000000715255737,18.45000028610229,14.065000116825104,1
60,2,0,3,20.0,10.0,0.0,0.0,-20.0,-10.0,3,-3.9350005984306335,1,55.70440632941533,3.9350005984306335,18.45000028610229,14.065000116825104,1
61,5,0,3,20.0,20.0,10.0,0.0,-20.0,-10.0,1,-12.000000476837158,0,189.1412817239772,12.000000476837158,23.999998569488525,26.500000953674316,1
61,5,0,3,20.0,20.0,10.0,0.0,-20.0,-10.0,1,14.500000476837158,1,189.1412817239772,14.500000476837158,23.999998569488525,26.500000953674316,1
61,5,0,3,20.0,20.0,10.0,0.0,-20.0,-10.0,2,5.999999046325684,0,189.1412817239772,5.999999046325684,23.999998569488525,16.500000953674316,1
61,5,0,3,20.0,20.0,10.0,0.0,-20.0,-10.0,2,22.5,1,189.1412817239772,22.5,23.999998569488525,16.500000953674316,1
61,5,0,3,20.0,20.0,10.0,0.0,-20.0,-10.0,3,23.999998569488525,0,189.1412817239772,23.999998569488525,23.999998569488525,-3.312497138977051,0
61,5,0,3,20.0,20.0,10.0,0.0,-20.0,-10.0,3,20.687501430511475,1,189.1412817239772,20.687501430511475,23.999998569488525,-3.312497138977051,0
62,1,0,3,20.0,20.0,0.0,-20.0,-10.0,10.0,1,17.999999523162842,0,152.3202480635646,17.999999523162842,17.999999523162842,-32.5,0
62,1,0,3,20.0,20.0,0.0,-20.0,-10.0,10.0,1,-14.500000476837158,1,152.3202480635646,14.500000476837158,17.999999523162842,-32.5,0
62,1,0,3,20.0,20.0,0.0,-20.0,-10.0,10.0,2,15.999999046325684,0,152.3202480635646,15.999999046325684,17.999999523162842,-16.774998903274536,0
62,1,0,3,20.0,20.0,0.0,-20.0,-10.0,10.0,2,-0.7749998569488525,1,152.3202480635646,0.7749998569488525,17.999999523162842,-16.774998903274536,0
62,1,0,3,20.0,20.0,0.0,-20.0,-10.0,10.0,3,1.4999985694885254,0,152.3202480635646,1.4999985694885254,17.999999523162842,10.315001010894775,1
62,1,0,3,20.0,20.0,0.0,-20.0,-10.0,10.0,3,11.8149995803833,1,152.3202480635646,11.8149995803833,17.999999523162842,10.315001010894775,1
63,4,0,3,-20.0,-20.0,20.0,20.0,-20.0,20.0,1,-22.00000047683716,0,209.86910281356185,22.00000047683716,26.000001430511475,32.99999952316284,1
63,4,0,3,-20.0,-20.0,20.0,20.0,-20.0,20.0,1,10.999999046325684,1,209.86910281356185,10.999999046325684,26.000001430511475,32.99999952316284,1
63,4,0,3,-20.0,-20.0,20.0,20.0,-20.0,20.0,2,-4.000000953674316,0,209.86910281356185,4.000000953674316,26.000001430511475,-4.950000047683716,0
63,4,0,3,-20.0,-20.0,20.0,20.0,-20.0,20.0,2,-8.950001001358032,1,209.86910281356185,8.950001001358032,26.000001430511475,-4.950000047683716,0
63,4,0,3,-20.0,-20.0,20.0,20.0,-20.0,20.0,3,-26.000001430511475,0,209.86910281356185,26.000001430511475,26.000001430511475,30.34500002861023,1
63,4,0,3,-20.0,-20.0,20.0,20.0,-20.0,20.0,3,4.344998598098755,1,209.86910281356185,4.344998598098755,26.000001430511475,30.34500002861023,1
64,4,0,3,20.0,20.0,-10.0,-10.0,-10.0,-10.0,1,-12.000000476837158,0,151.31342075824855,12.000000476837158,19.499998092651367,-1.4999985694885254,0
64,4,0,3,20.0,20.0,-10.0,-10.0,-10.0,-10.0,1,-13.499999046325684,1,151.31342075824855,13.499999046325684,19.499998092651367,-1.4999985694885254,0
64,4,0,3,20.0,20.0,-10.0,-10.0,-10.0,-10.0,2,1.4999985694885254,0,151.31342075824855,1.4999985694885254,19.499998092651367,2.7750015258789062,1
64,4,0,3,20.0,20.0,-10.0,-10.0,-10.0,-10.0,2,4.275000095367432,1,151.31342075824855,4.275000095367432,19.499998092651367,2.7750015258789062,1
64,4,0,3,20.0,20.0,-10.0,-10.0,-10.0,-10.0,3,-6.000001430511475,0,151.31342075824855,6.000001430511475,19.499998092651367,25.499999523162842,1
64,4,0,3,20.0,20.0,-10.0,-10.0,-10.0,-10.0,3,19.499998092651367,1,151.31342075824855,19.499998092651367,19.499998092651367,25.499999523162842,1
65,2,0,3,20.0,10.0,10.0,0.0,-20.0,-10.0,1,8.00000011920929,0,90.99565377463914,8.00000011920929,17.925000190734863,-13.500000238418579,0
65,2,0,3,20.0,10.0,10.0,0.0,-20.0,-10.0,1,-5.5000001192092896,1,90.99565377463914,5.5000001192092896,17.925000190734863,-13.500000238418579,0
65,2,0,3,20.0,10.0,10.0,0.0,-20.0,-10.0,2,6.000000238418579,0,90.99565377463914,6.000000238418579,17.925000190734863,-23.925000429153442,0
65,2,0,3,20.0,10.0,10.0,0.0,-20.0,-10.0,2,-17.925000190734863,1,90.99565377463914,17.925000190734863,17.925000190734863,-23.925000429153442,0
65,2,0,3,20.0,10.0,10.0,0.0,-20.0,-10.0,3,-8.00000011920929,0,90.99565377463914,8.00000011920929,17.925000190734863,4.937499165534973,1
65,2,0,3,20.0,10.0,10.0,0.0,-20.0,-10.0,3,-3.0625009536743164,1,90.99565377463914,3.0625009536743164,17.925000190734863,4.937499165534973,1
66,2,0,3,10.0,-20.0,-20.0,-10.0,-20.0,-20.0,1,-22.00000047683716,0,192.673781569006,22.00000047683716,56.00000381469727,6.000000238418583,1
66,2,0,3,10.0,-20.0,-20.0,-10.0,-20.0,-20.0,1,-16.00000023841858,1,192.673781569006,16.00000023841858,56.00000381469727,6.000000238418583,1
66,2,0,3,10.0,-20.0,-20.0,-10.0,-20.0,-20.0,2,-34.00000095367432,0,192.673781569006,34.00000095367432,56.00000381469727,-3.4999990463256765,0
66,2,0,3,10.0,-20.0,-20.0,-10.0,-20.0,-20.0,2,-37.5,1,192.673781569006,37.5,56.00000381469727,-3.4999990463256765,0
66,2,0,3,10.0,-20.0,-20.0,-10.0,-20.0,-20.0,3,-56.00000381469727,0,192.673781569006,56.00000381469727,56.00000381469727,20.950002670288093,1
66,2,0,3,10.0,-20.0,-20.0,-10.0,-20.0,-20.0,3,-35.05000114440918,1,192.673781569006,35.05000114440918,56.00000381469727,20.950002670288093,1
67,5,0,3,20.0,20.0,10.0,-20.0,-10.0,0.0,1,-2.0000000298023224,0,145.34769213767976,2.0000000298023224,33.999998569488525,16.50000050663948,1
67,5,0,3,20.0,20.0,10.0,-20.0,-10.0,0.0,1,14.500000476837158,1,145.34769213767976,14.500000476837158,33.999998569488525,16.50000050663948,1
67,5,0,3,20.0,20.0,10.0,-20.0,-10.0,0.0,2,15.999999046325684,0,145.34769213767976,15.999999046325684,33.999998569488525,5.850000381469727,1
67,5,0,3,20.0,20.0,10.0,-20.0,-10.0,0.0,2,21.84999942779541,1,145.34769213767976,21.84999942779541,33.999998569488525,5.850000381469727,1
67,5,0,3,20.0,20.0,10.0,-20.0,-10.0,0.0,3,33.999998569488525,0,145.34769213767976,33.999998569488525,33.999998569488525,-24.56374764442444,0
67,5,0,3,20.0,20.0,10.0,-20.0,-10.0,0.0,3,9.436250925064089,1,145.34769213767976,9.436250925064089,33.999998569488525,-24.56374764442444,0
68,5,0,3,10.0,-20.0,20.0,20.0,-20.0,0.0,1,-2.0000000298023224,0,131.14509912277418,2.0000000298023224,21.50000095367432,-19.500000923871998,0
68,5,0,3,10.0,-20.0,20.0,20.0,-20.0,0.0,1,-21.50000095367432,1,131.14509912277418,21.50000095367432,21.50000095367432,-19.500000923871998,0
68,5,0,3,10.0,-20.0,20.0,20.0,-20.0,0.0,2,6.000000238418579,0,131.14509912277418,6.000000238418579,21.50000095367432,-11.500002145767212,0
68,5,0,3,10.0,-20.0,20.0,20.0,-20.0,0.0,2,-5.500001907348633,1,131.14509912277418,5.500001907348633,21.50000095367432,-11.500002145767212,0
68,5,0,3,10.0,-20.0,20.0,20.0,-20.0,0.0,3,-7.500001788139343,0,131.14509912277418,7.500001788139343,21.50000095367432,18.82499873638153,1
68,5,0,3,10.0,-20.0,20.0,20.0,-20.0,0.0,3,11.324996948242188,1,131.14509912277418,11.324996948242188,21.50000095367432,18.82499873638153,1
69,3,0,3,10.0,-20.0,20.0,-20.0,-20.0,-20.0,1,-22.00000047683716,0,96.95104978810322,22.00000047683716,45.05000114440918,-2.9999995231628382,0
69,3,0,3,10.0,-20.0,20.0,-20.0,-20.0,-20.0,1,-25.0,1,96.95104978810322,25.0,45.05000114440918,-2.9999995231628382,0
69,3,0,3,10.0,-20.0,20.0,-20.0,-20.0,-20.0,2,-44.00000095367432,0,96.95104978810322,44.00000095367432,45.05000114440918,-1.0500001907348562,0
69,3,0,3,10.0,-20.0,20.0,-20.0,-20.0,-20.0,2,-45.05000114440918,1,96.95104978810322,45.05000114440918,45.05000114440918,-1.0500001907348562,0
69,3,0,3,10.0,-20.0,20.0,-20.0,-20.0,-20.0,3,-40.47500133514404,0,96.95104978810322,40.47500133514404,45.05000114440918,7.426247596740723,1
69,3,0,3,10.0,-20.0,20.0,-20.0,-20.0,-20.0,3,-33.04875373840332,1,96.95104978810322,33.04875373840332,45.05000114440918,7.426247596740723,1
70,4,0,3,20.0,20.0,-10.0,-20.0,10.0,0.0,1,8.00000011920929,0,150.42750950495468,8.00000011920929,30.522499084472656,-11.499999761581421,0
70,4,0,3,20.0,20.0,-10.0,-20.0,10.0,0.0,1,-3.499999642372132,1,150.42750950495468,3.499999642372132,30.522499084472656,-11.499999761581421,0
70,4,0,3,20.0,20.0,-10.0,-20.0,10.0,0.0,2,21.499998569488525,0,150.42750950495468,21.499998569488525,30.522499084472656,-7.224998474121094,0
70,4,0,3,20.0,20.0,-10.0,-20.0,10.0,0.0,2,14.275000095367432,1,150.42750950495468,14.275000095367432,30.522499084472656,-7.224998474121094,0
70,4,0,3,20.0,20.0,-10.0,-20.0,10.0,0.0,3,23.999998569488525,0,150.42750950495468,23.999998569488525,30.522499084472656,6.522500514984131,1
70,4,0,3,20.0,20.0,-10.0,-20.0,10.0,0.0,3,30.522499084472656,1,150.42750950495468,30.522499084472656,30.522499084472656,6.522500514984131,1
71,5,0,3,20.0,20.0,10.0,-20.0,0.0,-10.0,1,-12.000000476837158,0,179.65083317103432,12.000000476837158,23.999998569488525,26.500000953674316,1
71,5,0,3,20.0,20.0,10.0,-20.0,0.0,-10.0,1,14.500000476837158,1,179.65083317103432,14.500000476837158,23.999998569488525,26.500000953674316,1
71,5,0,3,20.0,20.0,10.0,-20.0,0.0,-10.0,2,5.999999046325684,0,179.65083317103432,5.999999046325684,23.999998569488525,16.275000572204593,1
71,5,0,3,20.0,20.0,10.0,-20.0,0.0,-10.0,2,22.274999618530277,1,179.65083317103432,22.274999618530277,23.999998569488525,16.275000572204593,1
71,5,0,3,20.0,20.0,10.0,-20.0,0.0,-10.0,3,23.999998569488525,0,179.65083317103432,23.999998569488525,23.999998569488525,-6.482498645782471,0
71,5,0,3,20.0,20.0,10.0,-20.0,0.0,-10.0,3,17.517499923706055,1,179.65083317103432,17.517499923706055,23.999998569488525,-6.482498645782471,0
72,3,0,3,-10.0,-10.0,20.0,-10.0,0.0,-10.0,1,-12.000000476837158,0,61.64934520844247,12.000000476837158,26.000001430511475,6.000000238418579,1
72,3,0,3,-10.0,-10.0,20.0,-10.0,0.0,-10.0,1,-6.000000238418579,1,61.64934520844247,6.000000238418579,26.000001430511475,6.000000238418579,1
72,3,0,3,-10.0,-10.0,20.0,-10.0,0.0,-10.0,2,-14.000000953674316,0,61.64934520844247,14.000000953674316,26.000001430511475,-3.500000238418579,0
72,3,0,3,-10.0,-10.0,20.0,-10.0,0.0,-10.0,2,-17.500001192092896,1,61.64934520844247,17.500001192092896,26.000001430511475,-3.500000238418579,0
72,3,0,3,-10.0,-10.0,20.0,-10.0,0.0,-10.0,3,-26.000001430511475,0,61.64934520844247,26.000001430511475,26.000001430511475,21.295001208782196,1
72,3,0,3,-10.0,-10.0,20.0,-10.0,0.0,-10.0,3,-4.705000221729279,1,61.64934520844247,4.705000221729279,26.000001430511475,21.295001208782196,1
73,4,0,3,-20.0,-20.0,20.0,10.0,-20.0,10.0,1,-22.00000047683716,0,130.7826126627136,22.00000047683716,29.50000286102295,23.999999761581424,1
73,4,0,3,-20.0,-20.0,20.0,10.0,-20.0,10.0,1,1.9999992847442627,1,130.7826126627136,1.9999992847442627,29.50000286102295,23.999999761581424,1
73,4,0,3,-20.0,-20.0,20.0,10.0,-20.0,10.0,2,-14.000000953674316,0,130.7826126627136,14.000000953674316,29.50000286102295,-4.499999284744263,0
73,4,0,3,-20.0,-20.0,20.0,10.0,-20.0,10.0,2,-18.50000023841858,1,130.7826126627136,18.50000023841858,29.50000286102295,-4.499999284744263,0
73,4,0,3,-20.0,-20.0,20.0,10.0,-20.0,10.0,3,-29.50000286102295,0,130.7826126627136,29.50000286102295,29.50000286102295,24.17500138282776,1
73,4,0,3,-20.0,-20.0,20.0,10.0,-20.0,10.0,3,-5.32500147819519,1,130.7826126627136,5.32500147819519,29.50000286102295,24.17500138282776,1
74,3,0,3,-20.0,-20.0,20.0,-20.0,0.0,-20.0,1,-22.00000047683716,0,173.55763705492205,22.00000047683716,46.00000381469727,15.000000000000004,1
74,3,0,3,-20.0,-20.0,20.0,-20.0,0.0,-20.0,1,-7.000000476837158,1,173.55763705492205,7.000000476837158,46.00000381469727,15.000000000000004,1
74,3,0,3,-20.0,-20.0,20.0,-20.0,0.0,-20.0,2,-24.00000095367432,0,173.55763705492205,24.00000095367432,46.00000381469727,-4.000000953674316,0
74,3,0,3,-20.0,-20.0,20.0,-20.0,0.0,-20.0,2,-28.000001907348636,1,173.55763705492205,28.000001907348636,46.00000381469727,-4.000000953674316,0
74,3,0,3,-20.0,-20.0,20.0,-20.0,0.0,-20.0,3,-46.00000381469727,0,173.55763705492205,46.00000381469727,46.00000381469727,30.675003528594978,1
74,3,0,3,-20.0,-20.0,20.0,-20.0,0.0,-20.0,3,-15.325000286102297,1,173.55763705492205,15.325000286102297,46.00000381469727,30.675003528594978,1
75,2,0,3,20.0,-10.0,-10.0,20.0,-10.0,-10.0,1,-12.000000476837158,0,103.41375741243404,12.000000476837158,13.949999809265137,24.000000953674316,1
75,2,0,3,20.0,-10.0,-10.0,20.0,-10.0,-10.0,1,12.000000476837158,1,103.41375741243404,12.000000476837158,13.949999809265137,24.000000953674316,1
75,2,0,3,20.0,-10.0,-10.0,20.0,-10.0,-10.0,2,5.999999046325684,0,103.41375741243404,5.999999046325684,13.949999809265137,-4.499999284744263,0
75,2,0,3,20.0,-10.0,-10.0,20.0,-10.0,-10.0,2,1.499999761581421,1,103.41375741243404,1.499999761581421,13.949999809265137,-4.499999284744263,0
75,2,0,3,20.0,-10.0,-10.0,20.0,-10.0,-10.0,3,-6.000001430511475,0,103.41375741243404,6.000001430511475,13.949999809265137,19.95000123977661,1
75,2,0,3,20.0,-10.0,-10.0,20.0,-10.0,-10.0,3,13.949999809265137,1,103.41375741243404,13.949999809265137,13.949999809265137,19.95000123977661,1
76,3,1,3,-10.0,10.0,-20.0,0.0,10.0,20.0,1,-2.0000000298023224,0,85.9400949912771,2.0000000298023224,23.999998569488525,7.000000029802322,1
76,3,1,3,-10.0,10.0,-20.0,0.0,10.0,20.0,1,5.0,1,85.9400949912771,5.0,23.999998569488525,7.000000029802322,1
76,3,1,3,-10.0,10.0,-20.0,0.0,10.0,20.0,2,6.000000238418579,0,85.9400949912771,6.000000238418579,23.999998569488525,8.125000000000002,1
76,3,1,3,-10.0,10.0,-20.0,0.0,10.0,20.0,2,14.12500023841858,1,85.9400949912771,14.12500023841858,23.999998569488525,8.125000000000002,1
76,3,1,3,-10.0,10.0,-20.0,0.0,10.0,20.0,3,23.999998569488525,0,85.9400949912771,23.999998569488525,23.999998569488525,-8.249999284744261,0
76,3,1,3,-10.0,10.0,-20.0,0.0,10.0,20.0,3,15.749999284744264,1,85.9400949912771,15.749999284744264,23.999998569488525,-8.249999284744261,0
77,1,1,3,20.0,-10.0,10.0,-10.0,-20.0,20.0,1,-12.000000476837158,0,106.30261473556428,12.000000476837158,16.000001430511475,-0.4999995231628418,0
77,1,1,3,20.0,-10.0,10.0,-10.0,-20.0,20.0,1,-12.5,1,106.30261473556428,12.5,16.000001430511475,-0.4999995231628418,0
77,1,1,3,20.0,-10.0,10.0,-10.0,-20.0,20.0,2,-4.000000357627869,0,106.30261473556428,4.000000357627869,16.000001430511475,6.249999403953552,1
77,1,1,3,20.0,-10.0,10.0,-10.0,-20.0,20.0,2,2.249999046325684,1,106.30261473556428,2.249999046325684,16.000001430511475,6.249999403953552,1
77,1,1,3,20.0,-10.0,10.0,-10.0,-20.0,20.0,3,-16.000001430511475,0,106.30261473556428,16.000001430511475,16.000001430511475,26.87500238418579,1
77,1,1,3,20.0,-10.0,10.0,-10.0,-20.0,20.0,3,10.875000953674316,1,106.30261473556428,10.875000953674316,16.000001430511475,26.87500238418579,1
78,1,1,3,20.0,0.0,10.0,-10.0,-10.0,20.0,1,-2.0000000298023224,0,92.2562545776371,2.0000000298023224,19.62500095367432,-5.499999970197678,0
78,1,1,3,20.0,0.0,10.0,-10.0,-10.0,20.0,1,-7.5,1,92.2562545776371,7.5,19.62500095367432,-5.499999970197678,0
78,1,1,3,20.0,0.0,10.0,-10.0,-10.0,20.0,2,6.000000238418579,0,92.2562545776371,6.000000238418579,19.62500095367432,1.8749988079071045,1
78,1,1,3,20.0,0.0,10.0,-10.0,-10.0,20.0,2,7.874999046325684,1,92.2562545776371,7.874999046325684,19.62500095367432,1.8749988079071045,1
78,1,1,3,20.0,0.0,10.0,-10.0,-10.0,20.0,3,-1.4999999105930328,0,92.2562545776371,1.4999999105930328,19.62500095367432,21.125000864267353,1
78,1,1,3,20.0,0.0,10.0,-10.0,-10.0,20.0,3,19.62500095367432,1,92.2562545776371,19.62500095367432,19.62500095367432,21.125000864267353,1
79,4,1,3,20.0,10.0,-20.0,-20.0,-10.0,-20.0,1,-12.000000476837158,0,31.566669797897717,12.000000476837158,16.000001430511475,-0.4999995231628418,0
79,4,1,3,20.0,10.0,-20.0,-20.0,-10.0,-20.0,1,-12.5,1,31.566669797897717,12.5,16.000001430511475,-0.4999995231628418,0
79,4,1,3,20.0,10.0,-20.0,-20.0,-10.0,-20.0,2,-12.000000476837158,0,31.566669797897717,12.000000476837158,16.000001430511475,10.500000715255737,1
79,4,1,3,20.0,10.0,-20.0,-20.0,-10.0,-20.0,2,-1.499999761581421,1,31.566669797897717,1.499999761581421,16.000001430511475,10.500000715255737,1
79,4,1,3,20.0,10.0,-20.0,-20.0,-10.0,-20.0,3,-16.000001430511475,0,31.566669797897717,16.000001430511475,16.000001430511475,12.000000476837158,1
79,4,1,3,20.0,10.0,-20.0,-20.0,-10.0,-20.0,3,-4.000000953674316,1,31.566669797897717,4.000000953674316,16.000001430511475,12.000000476837158,1
80,6,1,3,0.0,20.0,20.0,10.0,-20.0,-10.0,1,-2.0000000298023224,0,184.9604017292464,2.0000000298023224,33.999998569488525,12.000000029802322,1
80,6,1,3,0.0,20.0,20.0,10.0,-20.0,-10.0,1,10.0,1,184.9604017292464,10.0,33.999998569488525,12.000000029802322,1
80,6,1,3,0.0,20.0,20.0,10.0,-20.0,-10.0,2,15.999999046325684,0,184.9604017292464,15.999999046325684,33.999998569488525,9.500000476837155,1
80,6,1,3,0.0,20.0,20.0,10.0,-20.0,-10.0,2,25.49999952316284,1,184.9604017292464,25.49999952316284,33.999998569488525,9.500000476837155,1
80,6,1,3,0.0,20.0,20.0,10.0,-20.0,-10.0,3,33.999998569488525,0,184.9604017292464,33.999998569488525,33.999998569488525,-3.75,0
80,6,1,3,0.0,20.0,20.0,10.0,-20.0,-10.0,3,30.249998569488525,1,184.9604017292464,30.249998569488525,33.999998569488525,-3.75,0
81,2,1,3,20.0,10.0,-10.0,-20.0,-20.0,-10.0,1,-12.000000476837158,0,68.24843659400963,12.000000476837158,34.00000095367432,-10.499999523162842,0
81,2,1,3,20.0,10.0,-10.0,-20.0,-20.0,-10.0,1,-22.5,1,68.24843659400963,22.5,34.00000095367432,-10.499999523162842,0
81,2,1,3,20.0,10.0,-10.0,-20.0,-20.0,-10.0,2,-34.00000095367432,0,68.24843659400963,34.00000095367432,34.00000095367432,1.6250014305114817,1
81,2,1,3,20.0,10.0,-10.0,-20.0,-20.0,-10.0,2,-32.37499952316284,1,68.24843659400963,32.37499952316284,34.00000095367432,1.6250014305114817,1
81,2,1,3,20.0,10.0,-10.0,-20.0,-20.0,-10.0,3,-31.25,0,68.24843659400963,31.25,34.00000095367432,6.25,1
81,2,1,3,20.0,10.0,-10.0,-20.0,-20.0,-10.0,3,-25.0,1,68.24843659400963,25.0,34.00000095367432,6.25,1
82,6,1,3,0.0,20.0,20.0,-10.0,10.0,-20.0,1,-2.0000000298023224,0,156.10259101068013,2.0000000298023224,33.999998569488525,12.000000029802322,1
82,6,1,3,0.0,20.0,20.0,-10.0,10.0,-20.0,1,10.0,1,156.10259101068013,10.0,33.999998569488525,12.000000029802322,1
82,6,1,3,0.0,20.0,20.0,-10.0,10.0,-20.0,2,15.999999046325684,0,156.10259101068013,15.999999046325684,33.999998569488525,5625,1
82,6,1,3,0.0,20.0,20.0,-10.0,10.0,-20.0,2,21.624999046325684,1,156.10259101068013,21.624999046325684,33.999998569488525,5625,1
82,6,1,3,0.0,20.0,20.0,-10.0,10.0,-20.0,3,33.999998569488525,0,156.10259101068013,33.999998569488525,33.999998569488525,-9.249999523162842,0
82,6,1,3,0.0,20.0,20.0,-10.0,10.0,-20.0,3,24.749999046325684,1,156.10259101068013,24.749999046325684,33.999998569488525,-9.249999523162842,0
83,2,1,3,20.0,20.0,-10.0,-10.0,-20.0,-10.0,1,-12.000000476837158,0,29.641665959358463,12.000000476837158,26.25,-5.499999523162842,0
83,2,1,3,20.0,20.0,-10.0,-10.0,-20.0,-10.0,1,-17.5,1,29.641665959358463,17.5,26.25,-5.499999523162842,0
83,2,1,3,20.0,20.0,-10.0,-10.0,-20.0,-10.0,2,-24.00000095367432,0,29.641665959358463,24.00000095367432,26.25,0.3750014305114817,1
83,2,1,3,20.0,20.0,-10.0,-10.0,-20.0,-10.0,2,-23.62499952316284,1,29.641665959358463,23.62499952316284,26.25,0.3750014305114817,1
83,2,1,3,20.0,20.0,-10.0,-10.0,-20.0,-10.0,3,-26.25,0,29.641665959358463,26.25,26.25,-16848.75,0
83,2,1,3,20.0,20.0,-10.0,-10.0,-20.0,-10.0,3,-16875.0,1,29.641665959358463,16875.0,26.25,-16848.75,0
84,3,1,3,-10.0,0.0,-20.0,0.0,10.0,20.0,1,-2.0000000298023224,0,79.46040601084685,2.0000000298023224,23.999998569488525,7.000000029802322,1
84,3,1,3,-10.0,0.0,-20.0,0.0,10.0,20.0,1,5.0,1,79.46040601084685,5.0,23.999998569488525,7.000000029802322,1
84,3,1,3,-10.0,0.0,-20.0,0.0,10.0,20.0,2,6.000000238418579,0,79.46040601084685,6.000000238418579,23.999998569488525,6.999999284744263,1
84,3,1,3,-10.0,0.0,-20.0,0.0,10.0,20.0,2,12.999999523162842,1,79.46040601084685,12.999999523162842,23.999998569488525,6.999999284744263,1
84,3,1,3,-10.0,0.0,-20.0,0.0,10.0,20.0,3,23.999998569488525,0,79.46040601084685,23.999998569488525,23.999998569488525,-11.250000000000002,0
84,3,1,3,-10.0,0.0,-20.0,0.0,10.0,20.0,3,12.749998569488524,1,79.46040601084685,12.749998569488524,23.999998569488525,-11.250000000000002,0
85,3,1,3,-10.0,10.0,-20.0,0.0,20.0,20.0,1,-2.0000000298023224,0,153.3275935915613,2.0000000298023224,33.999998569488525,12.000000029802322,1
85,3,1,3,-10.0,10.0,-20.0,0.0,20.0,20.0,1,10.0,1,153.3275935915613,10.0,33.999998569488525,12.000000029802322,1
85,3,1,3,-10.0,10.0,-20.0,0.0,20.0,20.0,2,15.999999046325684,0,153.3275935915613,15.999999046325684,33.999998569488525,5625,1
85,3,1,3,-10.0,10.0,-20.0,0.0,20.0,20.0,2,21.624999046325684,1,153.3275935915613,21.624999046325684,33.999998569488525,5625,1
85,3,1,3,-10.0,10.0,-20.0,0.0,20.0,20.0,3,33.999998569488525,0,153.3275935915613,33.999998569488525,33.999998569488525,-10.249998569488525,0
85,3,1,3,-10.0,10.0,-20.0,0.0,20.0,20.0,3,23.75,1,153.3275935915613,23.75,33.999998569488525,-10.249998569488525,0
86,2,1,3,20.0,-10.0,-10.0,10.0,-10.0,-10.0,1,-12.000000476837158,0,12.618360650539511,12.000000476837158,12.000000476837158,7.000000476837158,1
86,2,1,3,20.0,-10.0,-10.0,10.0,-10.0,-10.0,1,-5.0,1,12.618360650539511,5.0,12.000000476837158,7.000000476837158,1
86,2,1,3,20.0,-10.0,-10.0,10.0,-10.0,-10.0,2,-4.000000357627869,0,12.618360650539511,4.000000357627869,12.000000476837158,-4.624999761581421,0
86,2,1,3,20.0,-10.0,-10.0,10.0,-10.0,-10.0,2,-8.62500011920929,1,12.618360650539511,8.62500011920929,12.000000476837158,-4.624999761581421,0
86,2,1,3,20.0,-10.0,-10.0,10.0,-10.0,-10.0,3,-11.500000953674316,0,12.618360650539511,11.500000953674316,12.000000476837158,6.687500476837158,1
86,2,1,3,20.0,-10.0,-10.0,10.0,-10.0,-10.0,3,-4.812500476837158,1,12.618360650539511,4.812500476837158,12.000000476837158,6.687500476837158,1
87,5,1,3,20.0,10.0,-10.0,0.0,-20.0,-20.0,1,-22.00000047683716,0,91.71041612625154,22.00000047683716,22.00000047683716,24.50000047683716,1
87,5,1,3,20.0,10.0,-10.0,0.0,-20.0,-20.0,1,2.5,1,91.71041612625154,2.5,22.00000047683716,24.50000047683716,1
87,5,1,3,20.0,10.0,-10.0,0.0,-20.0,-20.0,2,-4.000000953674316,0,91.71041612625154,4.000000953674316,22.00000047683716,2.000000476837158,1
87,5,1,3,20.0,10.0,-10.0,0.0,-20.0,-20.0,2,-2.000000476837158,1,91.71041612625154,2.000000476837158,22.00000047683716,2.000000476837158,1
87,5,1,3,20.0,10.0,-10.0,0.0,-20.0,-20.0,3,3.999998569488525,0,91.71041612625154,3.999998569488525,22.00000047683716,-13.750000000000002,0
87,5,1,3,20.0,10.0,-10.0,0.0,-20.0,-20.0,3,-9.750001430511476,1,91.71041612625154,9.750001430511476,22.00000047683716,-13.750000000000002,0
88,5,1,3,20.0,20.0,0.0,10.0,-20.0,-10.0,1,-12.000000476837158,0,153.69999604225185,12.000000476837158,23.999998569488525,22.000000476837158,1
88,5,1,3,20.0,20.0,0.0,10.0,-20.0,-10.0,1,10.0,1,153.69999604225185,10.0,23.999998569488525,22.000000476837158,1
88,5,1,3,20.0,20.0,0.0,10.0,-20.0,-10.0,2,5.999999046325684,0,153.69999604225185,5.999999046325684,23.999998569488525,9.500000476837158,1
88,5,1,3,20.0,20.0,0.0,10.0,-20.0,-10.0,2,15.499999523162842,1,153.69999604225185,15.499999523162842,23.999998569488525,9.500000476837158,1
88,5,1,3,20.0,20.0,0.0,10.0,-20.0,-10.0,3,23.999998569488525,0,153.69999604225185,23.999998569488525,23.999998569488525,-7.4999988079071045,0
88,5,1,3,20.0,20.0,0.0,10.0,-20.0,-10.0,3,16.49999976158142,1,153.69999604225185,16.49999976158142,23.999998569488525,-7.4999988079071045,0
89,5,1,3,10.0,-20.0,20.0,20.0,-20.0,-10.0,1,-12.000000476837158,0,73.33384907941058,12.000000476837158,12.000000476837158,4.500000476837158,1
89,5,1,3,10.0,-20.0,20.0,20.0,-20.0,-10.0,1,-7.5,1,73.33384907941058,7.5,12.000000476837158,4.500000476837158,1
89,5,1,3,10.0,-20.0,20.0,20.0,-20.0,-10.0,2,-4.000000357627869,0,73.33384907941058,4.000000357627869,12.000000476837158,6.874999403953552,1
89,5,1,3,10.0,-20.0,20.0,20.0,-20.0,-10.0,2,2.874999046325684,1,73.33384907941058,2.874999046325684,12.000000476837158,6.874999403953552,1
89,5,1,3,10.0,-20.0,20.0,20.0,-20.0,-10.0,3,-9.125001430511476,0,73.33384907941058,9.125001430511476,12.000000476837158,20.0,1
89,5,1,3,10.0,-20.0,20.0,20.0,-20.0,-10.0,3,10.874998569488524,1,73.33384907941058,10.874998569488524,12.000000476837158,20.0,1
90,2,1,3,10.0,-20.0,0.0,20.0,20.0,-10.0,1,-2.0000000298023224,0,146.79754846338216,2.0000000298023224,33.999998569488525,12.000000029802322,1
90,2,1,3,10.0,-20.0,0.0,20.0,20.0,-10.0,1,10.0,1,146.79754846338216,10.0,33.999998569488525,12.000000029802322,1
90,2,1,3,10.0,-20.0,0.0,20.0,20.0,-10.0,2,15.999999046325684,0,146.79754846338216,15.999999046325684,33.999998569488525,4.500000476837155,1
90,2,1,3,10.0,-20.0,0.0,20.0,20.0,-10.0,2,20.49999952316284,1,146.79754846338216,20.49999952316284,33.999998569488525,4.500000476837155,1
90,2,1,3,10.0,-20.0,0.0,20.0,20.0,-10.0,3,33.999998569488525,0,146.79754846338216,33.999998569488525,33.999998569488525,-12.281248569488525,0
90,2,1,3,10.0,-20.0,0.0,20.0,20.0,-10.0,3,21.71875,1,146.79754846338216,21.71875,33.999998569488525,-12.281248569488525,0
91,6,1,3,0.0,10.0,20.0,0.0,-10.0,-20.0,1,-2.0000000298023224,0,88.7749914735562,2.0000000298023224,23.999998569488525,7.000000029802322,1
91,6,1,3,0.0,10.0,20.0,0.0,-10.0,-20.0,1,5.0,1,88.7749914735562,5.0,23.999998569488525,7.000000029802322,1
91,6,1,3,0.0,10.0,20.0,0.0,-10.0,-20.0,2,6.000000238418579,0,88.7749914735562,6.000000238418579,23.999998569488525,9.500000476837156,1
91,6,1,3,0.0,10.0,20.0,0.0,-10.0,-20.0,2,15.500000715255736,1,88.7749914735562,15.500000715255736,23.999998569488525,9.500000476837156,1
91,6,1,3,0.0,10.0,20.0,0.0,-10.0,-20.0,3,23.999998569488525,0,88.7749914735562,23.999998569488525,23.999998569488525,-7.999999523162842,0
91,6,1,3,0.0,10.0,20.0,0.0,-10.0,-20.0,3,15.999999046325684,1,88.7749914735562,15.999999046325684,23.999998569488525,-7.999999523162842,0
92,6,1,3,0.0,20.0,20.0,-20.0,-10.0,10.0,1,-2.0000000298023224,0,144.15535920802537,2.0000000298023224,33.999998569488525,12.000000029802322,1
92,6,1,3,0.0,20.0,20.0,-20.0,-10.0,10.0,1,10.0,1,144.15535920802537,10.0,33.999998569488525,12.000000029802322,1
92,6,1,3,0.0,20.0,20.0,-20.0,-10.0,10.0,2,15.999999046325684,0,144.15535920802537,15.999999046325684,33.999998569488525,4375,1
92,6,1,3,0.0,20.0,20.0,-20.0,-10.0,10.0,2,20.374999046325684,1,144.15535920802537,20.374999046325684,33.999998569488525,4375,1
92,6,1,3,0.0,20.0,20.0,-20.0,-10.0,10.0,3,33.999998569488525,0,144.15535920802537,33.999998569488525,33.999998569488525,-13.656249046325687,0
92,6,1,3,0.0,20.0,20.0,-20.0,-10.0,10.0,3,20.34374952316284,1,144.15535920802537,20.34374952316284,33.999998569488525,-13.656249046325687,0
93,4,1,3,-10.0,-10.0,20.0,20.0,-10.0,10.0,1,-12.000000476837158,0,17.109536891182557,12.000000476837158,12.000000476837158,7.000000476837158,1
93,4,1,3,-10.0,-10.0,20.0,20.0,-10.0,10.0,1,-5.0,1,17.109536891182557,5.0,12.000000476837158,7.000000476837158,1
93,4,1,3,-10.0,-10.0,20.0,20.0,-10.0,10.0,2,-4.000000357627869,0,17.109536891182557,4.000000357627869,12.000000476837158,-3.374999761581421,0
93,4,1,3,-10.0,-10.0,20.0,20.0,-10.0,10.0,2,-7.3750001192092896,1,17.109536891182557,7.3750001192092896,12.000000476837158,-3.374999761581421,0
93,4,1,3,-10.0,-10.0,20.0,20.0,-10.0,10.0,3,-6.625001430511475,0,17.109536891182557,6.625001430511475,12.000000476837158,7.156250476837158,1
93,4,1,3,-10.0,-10.0,20.0,20.0,-10.0,10.0,3,0.5312490463256836,1,17.109536891182557,0.5312490463256836,12.000000476837158,7.156250476837158,1
94,2,1,3,10.0,-20.0,0.0,10.0,20.0,-10.0,1,-2.0000000298023224,0,80.44165642162206,2.0000000298023224,23.999998569488525,7.000000029802322,1
94,2,1,3,10.0,-20.0,0.0,10.0,20.0,-10.0,1,5.0,1,80.44165642162206,5.0,23.999998569488525,7.000000029802322,1
94,2,1,3,10.0,-20.0,0.0,10.0,20.0,-10.0,2,6.000000238418579,0,80.44165642162206,6.000000238418579,23.999998569488525,6.999999284744263,1
94,2,1,3,10.0,-20.0,0.0,10.0,20.0,-10.0,2,12.999999523162842,1,80.44165642162206,12.999999523162842,23.999998569488525,6.999999284744263,1
94,2,1,3,10.0,-20.0,0.0,10.0,20.0,-10.0,3,23.999998569488525,0,80.44165642162206,23.999998569488525,23.999998569488525,-10.499999523162842,0
94,2,1,3,10.0,-20.0,0.0,10.0,20.0,-10.0,3,13.499999046325684,1,80.44165642162206,13.499999046325684,23.999998569488525,-10.499999523162842,0
95,5,1,3,0.0,-20.0,20.0,20.0,-20.0,10.0,1,8.00000011920929,0,58.39374611973809,8.00000011920929,10.249998569488524,-18.00000011920929,0
95,5,1,3,0.0,-20.0,20.0,20.0,-20.0,10.0,1,-10.0,1,58.39374611973809,10.0,10.249998569488524,-18.00000011920929,0
95,5,1,3,0.0,-20.0,20.0,20.0,-20.0,10.0,2,6.000000238418579,0,58.39374611973809,6.000000238418579,10.249998569488524,-4.3750011920928955,0
95,5,1,3,0.0,-20.0,20.0,20.0,-20.0,10.0,2,1.6249990463256836,1,58.39374611973809,1.6249990463256836,10.249998569488524,-4.3750011920928955,0
95,5,1,3,0.0,-20.0,20.0,20.0,-20.0,10.0,3,9.624999165534971,0,58.39374611973809,9.624999165534971,10.249998569488524,0.6249994039535522,1
95,5,1,3,0.0,-20.0,20.0,20.0,-20.0,10.0,3,10.249998569488524,1,58.39374611973809,10.249998569488524,10.249998569488524,0.6249994039535522,1
96,2,1,3,10.0,-20.0,-20.0,0.0,-20.0,-20.0,1,-22.00000047683716,0,89.86835653782009,22.00000047683716,41.50000095367432,7.000000476837162,1
96,2,1,3,10.0,-20.0,-20.0,0.0,-20.0,-20.0,1,-15.0,1,89.86835653782009,15.0,41.50000095367432,7.000000476837162,1
96,2,1,3,10.0,-20.0,-20.0,0.0,-20.0,-20.0,2,-24.00000095367432,0,89.86835653782009,24.00000095367432,41.50000095367432,-4.624998569488518,0
96,2,1,3,10.0,-20.0,-20.0,0.0,-20.0,-20.0,2,-28.62499952316284,1,89.86835653782009,28.62499952316284,41.50000095367432,-4.624998569488518,0
96,2,1,3,10.0,-20.0,-20.0,0.0,-20.0,-20.0,3,-41.50000095367432,0,89.86835653782009,41.50000095367432,41.50000095367432,6.687502861022956,1
96,2,1,3,10.0,-20.0,-20.0,0.0,-20.0,-20.0,3,-34.81249809265137,1,89.86835653782009,34.81249809265137,41.50000095367432,6.687502861022956,1
97,4,1,3,20.0,-10.0,10.0,-20.0,0.0,10.0,1,-2.0000000298023224,0,89.64126498190109,2.0000000298023224,23.999998569488525,7.000000029802322,1
97,4,1,3,20.0,-10.0,10.0,-20.0,0.0,10.0,1,5.0,1,89.64126498190109,5.0,23.999998569488525,7.000000029802322,1
97,4,1,3,20.0,-10.0,10.0,-20.0,0.0,10.0,2,6.000000238418579,0,89.64126498190109,6.000000238418579,23.999998569488525,8.124998807907104,1
97,4,1,3,20.0,-10.0,10.0,-20.0,0.0,10.0,2,14.124999046325684,1,89.64126498190109,14.124999046325684,23.999998569488525,8.124998807907104,1
97,4,1,3,20.0,-10.0,10.0,-20.0,0.0,10.0,3,23.999998569488525,0,89.64126498190109,23.999998569488525,23.999998569488525,-6.687499284744263,0
97,4,1,3,20.0,-10.0,10.0,-20.0,0.0,10.0,3,17.312499284744263,1,89.64126498190109,17.312499284744263,23.999998569488525,-6.687499284744263,0
98,2,1,3,20.0,-20.0,-20.0,10.0,-20.0,-20.0,1,-22.00000047683716,0,43.14440361857446,22.00000047683716,29.00000095367432,12.000000476837162,1
98,2,1,3,20.0,-20.0,-20.0,10.0,-20.0,-20.0,1,-10.0,1,43.14440361857446,10.0,29.00000095367432,12.000000476837162,1
98,2,1,3,20.0,-20.0,-20.0,10.0,-20.0,-20.0,2,-14.000000953674316,0,43.14440361857446,14.000000953674316,29.00000095367432,-5.249998569488522,0
98,2,1,3,20.0,-20.0,-20.0,10.0,-20.0,-20.0,2,-19.24999952316284,1,43.14440361857446,19.24999952316284,29.00000095367432,-5.249998569488522,0
98,2,1,3,20.0,-20.0,-20.0,10.0,-20.0,-20.0,3,-29.00000095367432,0,43.14440361857446,29.00000095367432,29.00000095367432,9.187500476837158,1
98,2,1,3,20.0,-20.0,-20.0,10.0,-20.0,-20.0,3,-19.81250047683716,1,43.14440361857446,19.81250047683716,29.00000095367432,9.187500476837158,1
99,2,1,3,10.0,-10.0,0.0,20.0,20.0,-20.0,1,-2.0000000298023224,0,157.0381378564987,2.0000000298023224,33.999998569488525,12.000000029802322,1
99,2,1,3,10.0,-10.0,0.0,20.0,20.0,-20.0,1,10.0,1,157.0381378564987,10.0,33.999998569488525,12.000000029802322,1
99,2,1,3,10.0,-10.0,0.0,20.0,20.0,-20.0,2,15.999999046325684,0,157.0381378564987,15.999999046325684,33.999998569488525,5625,1
99,2,1,3,10.0,-10.0,0.0,20.0,20.0,-20.0,2,21.624999046325684,1,157.0381378564987,21.624999046325684,33.999998569488525,5625,1
99,2,1,3,10.0,-10.0,0.0,20.0,20.0,-20.0,3,33.999998569488525,0,157.0381378564987,33.999998569488525,33.999998569488525,-8.937499523162842,0
99,2,1,3,10.0,-10.0,0.0,20.0,20.0,-20.0,3,25.062499046325684,1,157.0381378564987,25.062499046325684,33.999998569488525,-8.937499523162842,0
100,3,1,3,0.0,-10.0,20.0,-10.0,-20.0,-20.0,1,-12.000000476837158,0,79.48815400600475,12.000000476837158,37.25000143051148,-10.499999523162842,0
100,3,1,3,0.0,-10.0,20.0,-10.0,-20.0,-20.0,1,-22.5,1,79.48815400600475,22.5,37.25000143051148,-10.499999523162842,0
100,3,1,3,0.0,-10.0,20.0,-10.0,-20.0,-20.0,2,-32.00000047683716,0,79.48815400600475,32.00000047683716,37.25000143051148,1.50000095367432,1
100,3,1,3,0.0,-10.0,20.0,-10.0,-20.0,-20.0,2,-30.49999952316284,1,79.48815400600475,30.49999952316284,37.25000143051148,1.50000095367432,1
100,3,1,3,0.0,-10.0,20.0,-10.0,-20.0,-20.0,3,-37.25000143051148,0,79.48815400600475,37.25000143051148,37.25000143051148,6.937501430511482,1
100,3,1,3,0.0,-10.0,20.0,-10.0,-20.0,-20.0,3,-30.3125,1,79.48815400600475,30.3125,37.25000143051148,6.937501430511482,1
